-7.4679614E-5,0.0033397311,-4.7501517E-4,0.9999857,1538362347368,
7.469705E-5,-0.0033395975,4.7502347E-4,-0.9999857,1538362347368,
-7.474489E-5,0.0033395754,-4.7502856E-4,0.9999857,1538362347408,
7.485813E-5,-0.003339637,4.7503636E-4,-0.9999857,1538362347408,
-7.49506E-5,0.0033397167,-4.7506302E-4,0.9999857,1538362347441,
7.499083E-5,-0.003339871,4.7507198E-4,-0.9999857,1538362347448,
-7.4950614E-5,0.0033399125,-4.750776E-4,0.9999857,1538362347477,
7.494584E-5,-0.0033399092,4.7507518E-4,-0.9999857,1538362347513,
-7.4919364E-5,0.0033398618,-4.750806E-4,0.9999857,1538362347513,
7.494355E-5,-0.003339813,4.7509876E-4,-0.9999857,1538362347546,
-7.499139E-5,0.003339791,-4.7510385E-4,0.9999857,1538362347551,
7.507598E-5,-0.0033398466,4.7507623E-4,-0.9999857,1538362347581,
-7.51402E-5,0.0033400075,-4.7508552E-4,0.9999857,1538362347591,
7.5151685E-5,-0.0033400622,4.75104E-4,-0.9999857,1538362347613,
-7.5150885E-5,0.0033400767,-4.751002E-4,0.9999857,1538362347664,
7.513409E-5,-0.0033400704,4.750878E-4,-0.9999857,1538362347664,
-7.5132964E-5,0.0033400448,-4.7507332E-4,0.9999857,1538362347682,
7.514536E-5,-0.0033399775,4.750652E-4,-0.9999857,1538362347712,
-7.5189906E-5,0.0033399684,-4.7505845E-4,0.9999857,1538362347716,
7.533642E-5,-0.0033401232,4.7501866E-4,-0.9999857,1538362347799,
-7.53931E-5,0.0033402455,-4.7500714E-4,0.9999857,1538362347801,
7.540647E-5,-0.0033403249,4.7499832E-4,-0.9999857,1538362347802,
-7.541257E-5,0.0033403402,-4.7500123E-4,0.9999857,1538362347808,
7.5401644E-5,-0.003340313,4.7498592E-4,-0.9999857,1538362347856,
-7.539192E-5,0.0033402888,-4.7498965E-4,0.9999857,1538362347858,
7.540163E-5,-0.0033402583,4.7501604E-4,-0.9999857,1538362347859,
7.540163E-5,-0.0033402583,4.7501604E-4,-0.9999857,1538362347875,
-7.544856E-5,0.0033402487,-4.750331E-4,0.9999857,1538362347875,
7.551939E-5,-0.0033402662,4.750245E-4,-0.9999857,1538362347907,
-7.558361E-5,0.003340427,-4.7501147E-4,0.9999857,1538362347924,
7.561865E-5,-0.003340543,4.7500062E-4,-0.9999857,1538362347984,
-7.561229E-5,0.003340547,-4.7502323E-4,0.9999857,1538362348028,
7.560635E-5,-0.0033405276,4.7502122E-4,-0.9999857,1538362348029,
-7.559778E-5,0.0033404888,-4.7500734E-4,0.9999857,1538362348045,
7.5624834E-5,-0.003340446,4.750162E-4,-0.9999857,1538362348045,
-7.5647215E-5,0.0033404306,-4.749932E-4,0.9999857,1538362348045,
7.5699354E-5,-0.003340503,4.749725E-4,-0.9999857,1538362348074,
-7.573151E-5,0.0033405677,-4.74983E-4,0.9999857,1538362348079,
7.573916E-5,-0.0033405707,4.7499378E-4,-0.9999857,1538362348128,
-7.570193E-5,0.0033405235,-4.7497696E-4,0.9999857,1538362348134,
7.568231E-5,-0.0033404955,4.749521E-4,-0.9999857,1538362348145,
-7.56859E-5,0.0033404054,-4.749315E-4,0.9999857,1538362348157,
7.5699034E-5,-0.0033403675,4.749286E-4,-0.9999857,1538362348191,
-7.5706215E-5,0.003340376,-4.7493287E-4,0.9999857,1538362348197,
7.5757576E-5,-0.0033404473,4.749444E-4,-0.9999857,1538362348224,
-7.5760385E-5,0.0033405048,-4.7494099E-4,0.9999857,1538362348328,
7.573021E-5,-0.0033405316,4.7494905E-4,-0.9999857,1538362348328,
-7.5701464E-5,0.0033405158,-4.7496712E-4,0.9999857,1538362348331,
7.563752E-5,-0.0033403423,4.749612E-4,-0.9999857,1538362348335,
-7.565763E-5,0.0033402517,-4.7497317E-4,0.9999857,1538362348336,
7.5664044E-5,-0.003340249,4.7496648E-4,-0.9999857,1538362348345,
-7.56669E-5,0.0033402964,-4.749218E-4,0.9999857,1538362348361,
7.566108E-5,-0.0033403148,4.7491986E-4,-0.9999857,1538362348384,
-7.566274E-5,0.0033403332,-4.749253E-4,0.9999857,1538362348429,
7.56401E-5,-0.0033403288,4.7492323E-4,-0.9999857,1538362348429,
-7.560423E-5,0.0033402832,-4.749199E-4,0.9999857,1538362348441,
7.5596035E-5,-0.0033402457,4.749277E-4,-0.9999857,1538362348464,
-7.5628355E-5,0.0033402403,-4.7491488E-4,0.9999857,1538362348479,
7.567998E-5,-0.0033402338,4.7491145E-4,-0.9999857,1538362348501,
-7.569824E-5,0.0033402378,-4.749256E-4,0.9999857,1538362348540,
7.5711396E-5,-0.003340275,4.7493342E-4,-0.9999857,1538362348557,
-7.571312E-5,0.0033402948,-4.7492332E-4,0.9999857,1538362348574,
7.571052E-5,-0.0033402964,4.749258E-4,-0.9999857,1538362348580,
-7.569761E-5,0.0033402035,-4.7495493E-4,0.9999857,1538362348608,
7.568294E-5,-0.0033400794,4.7496893E-4,-0.9999857,1538362348641,
-7.5716045E-5,0.003340012,-4.7494992E-4,0.9999857,1538362348642,
7.57237E-5,-0.003340015,4.749607E-4,-0.9999857,1538362348682,
-7.572527E-5,0.0033400327,-4.749588E-4,0.9999857,1538362348683,
7.572754E-5,-0.003340068,4.7496628E-4,-0.9999857,1538362348715,
-7.574184E-5,0.0033401086,-4.7498645E-4,0.9999857,1538362348731,
7.572689E-5,-0.0033401125,4.7496756E-4,-0.9999857,1538362348759,
-7.571106E-5,0.00334009,-4.7496526E-4,0.9999857,1538362348765,
7.5724194E-5,-0.003340052,4.7496235E-4,-0.9999857,1538362348795,
-7.574316E-5,0.003340039,-4.7495146E-4,0.9999857,1538362348800,
-7.574316E-5,0.003340039,-4.7495146E-4,0.9999857,1538362348832,
7.573734E-5,-0.0033400573,4.749495E-4,-0.9999857,1538362348832,
-7.5750904E-5,0.003340096,-4.7493534E-4,0.9999857,1538362348864,
7.5763804E-5,-0.0033401328,4.749325E-4,-0.9999857,1538362348864,
-7.5761694E-5,0.003340134,-4.7493176E-4,0.9999857,1538362348897,
7.573006E-5,-0.003340105,4.7491747E-4,-0.9999857,1538362348905,
-7.568738E-5,0.0033400352,-4.749289E-4,0.9999857,1538362348942,
7.568037E-5,-0.0033400122,4.7494468E-4,-0.9999857,1538362348947,
-7.570158E-5,0.0033400357,-4.749421E-4,0.9999857,1538362348978,
7.5714735E-5,-0.003340073,4.7494992E-4,-0.9999857,1538362348991,
-7.5717544E-5,0.0033401304,-4.7494652E-4,0.9999857,1538362349016,
7.571172E-5,-0.0033401488,4.7494457E-4,-0.9999857,1538362349024,
-7.569968E-5,0.0033401384,-4.749428E-4,0.9999857,1538362349047,
7.567948E-5,-0.0033400983,4.7493982E-4,-0.9999857,1538362349080,
-7.566594E-5,0.0033400026,-4.749007E-4,0.9999857,1538362349097,
7.56695E-5,-0.0033399146,4.748965E-4,-0.9999857,1538362349115,
-7.56898E-5,0.003339928,-4.7491223E-4,0.9999857,1538362349148,
7.5748445E-5,-0.0033400278,4.749072E-4,-0.9999857,1538362349148,
-7.573966E-5,0.003340067,-4.749269E-4,0.9999857,1538362349181,
7.573755E-5,-0.0033400683,4.7492617E-4,-0.9999857,1538362349191,
-7.572972E-5,0.003340043,-4.7490356E-4,0.9999857,1538362349215,
7.572378E-5,-0.0033400236,4.7490155E-4,-0.9999857,1538362349224,
-7.5712924E-5,0.0033399598,-4.7492603E-4,0.9999857,1538362349249,
7.570406E-5,-0.0033399193,4.74946E-4,-0.9999857,1538362349282,
-7.5722324E-5,0.003339923,-4.7496014E-4,0.9999857,1538362349303,
7.5729506E-5,-0.0033399316,4.749644E-4,-0.9999857,1538362349334,
-7.5731776E-5,0.003339967,-4.749719E-4,0.9999857,1538362349334,
7.5732954E-5,-0.0033399693,4.749809E-4,-0.9999857,1538362349357,
-7.5719334E-5,0.0033399577,-4.7497125E-4,0.9999857,1538362349411,
-7.5719334E-5,0.0033399577,-4.7497125E-4,0.9999857,1538362349414,
7.566896E-5,-0.0033398576,4.749485E-4,-0.9999857,1538362349414,
-7.567067E-5,0.0033398385,-4.7495405E-4,0.9999857,1538362349424,
7.5668075E-5,-0.00333984,4.7495653E-4,-0.9999857,1538362349449,
-7.566402E-5,0.0033398478,-4.7496037E-4,0.9999857,1538362349450,
7.566713E-5,-0.0033399092,4.7498423E-4,-0.9999857,1538362349490,
-7.565694E-5,0.0033399675,-4.749808E-4,0.9999857,1538362349497,
7.565055E-5,-0.003339955,4.7496235E-4,-0.9999857,1538362349528,
-7.56255E-5,0.0033398909,-4.749728E-4,0.9999857,1538362349550,
7.560749E-5,-0.003339865,4.749905E-4,-0.9999857,1538362349563,
-7.5591306E-5,0.003339842,-4.7499724E-4,0.9999857,1538362349574,
7.5587806E-5,-0.003339844,4.749916E-4,-0.9999857,1538362349599,
-7.558986E-5,0.0033398678,-4.7496977E-4,0.9999857,1538362349632,
7.558188E-5,-0.0033399032,4.749671E-4,-0.9999857,1538362349633,
-7.5573895E-5,0.0033399386,-4.749644E-4,0.9999857,1538362349666,
7.556986E-5,-0.0033399463,4.7496826E-4,-0.9999857,1538362349691,
-7.5571945E-5,0.0033399325,-4.749929E-4,0.9999857,1538362349691,
7.557493E-5,-0.0033398727,4.750026E-4,-0.9999857,1538362349718,
-7.5585136E-5,0.0033398515,-4.7500868E-4,0.9999857,1538362349759,
7.558656E-5,-0.0033398545,4.7499358E-4,-0.9999857,1538362349760,
-7.5609154E-5,0.0033398797,-4.749806E-4,0.9999857,1538362349795,
7.561884E-5,-0.0033398992,4.7497847E-4,-0.9999857,1538362349795,
-7.560289E-5,0.0033399214,-4.7498514E-4,0.9999857,1538362349828,
7.556566E-5,-0.003339874,4.749683E-4,-0.9999857,1538362349832,
-7.555389E-5,0.0033398045,-4.750103E-4,0.9999857,1538362349866,
7.5547956E-5,-0.0033397852,4.750083E-4,-0.9999857,1538362349874,
-7.553987E-5,0.0033397484,-4.7500557E-4,0.9999857,1538362349909,
7.5547054E-5,-0.003339757,4.7500985E-4,-0.9999857,1538362349917,
-7.557097E-5,0.0033398834,-4.7504363E-4,0.9999857,1538362349944,
7.558492E-5,-0.0033399183,4.7504116E-4,-0.9999857,1538362349961,
-7.5582175E-5,0.0033399197,-4.7503604E-4,0.9999857,1538362349981,
7.559244E-5,-0.0033399148,4.7501884E-4,-0.9999857,1538362350013,
-7.558714E-5,0.0033398934,-4.7502507E-4,0.9999857,1538362350013,
7.558247E-5,-0.0033398818,4.7503776E-4,-0.9999857,1538362350057,
-7.558099E-5,0.0033398827,-4.7503723E-4,0.9999857,1538362350065,
-7.558099E-5,0.0033398827,-4.7503723E-4,0.9999857,1538362350095,
7.557662E-5,-0.0033398918,4.7504905E-4,-0.9999857,1538362350095,
-7.557195E-5,0.0033399086,-4.7504742E-4,0.9999857,1538362350119,
7.558339E-5,-0.0033399288,4.7503682E-4,-0.9999857,1538362350119,
-7.5585864E-5,0.0033399458,-4.7504232E-4,0.9999857,1538362350158,
7.558906E-5,-0.0033399216,4.750585E-4,-0.9999857,1538362350178,
-7.5581855E-5,0.0033398923,-4.750893E-4,0.9999857,1538362350178,
7.5566306E-5,-0.0033398862,4.7511543E-4,-0.9999857,1538362350245,
-7.556064E-5,0.0033399067,-4.7513077E-4,0.9999857,1538362350250,
7.557956E-5,-0.0033399176,4.751369E-4,-0.9999857,1538362350256,
-7.559045E-5,0.0033399367,-4.7514308E-4,0.9999857,1538362350267,
7.559269E-5,-0.0033399456,4.7515452E-4,-0.9999857,1538362350277,
-7.56129E-5,0.00333994,-4.7516968E-4,0.9999857,1538362350308,
7.5603726E-5,-0.0033398755,4.7515257E-4,-0.9999857,1538362350316,
-7.559806E-5,0.003339853,-4.7514203E-4,0.9999857,1538362350350,
7.560547E-5,-0.0033398494,4.7513517E-4,-0.9999857,1538362350359,
-7.560676E-5,0.0033398508,-4.7513045E-4,0.9999857,1538362350383,
7.5615484E-5,-0.0033398597,4.7512236E-4,-0.9999857,1538362350407,
-7.563174E-5,0.0033399006,-4.7509506E-4,0.9999857,1538362350428,
7.564222E-5,-0.003339919,4.750932E-4,-0.9999857,1538362350440,
-7.565114E-5,0.0033399148,-4.7510487E-4,0.9999857,1538362350475,
7.565521E-5,-0.0033398725,4.7512542E-4,-0.9999857,1538362350479,
-7.564036E-5,0.003339849,-4.7512338E-4,0.9999857,1538362350509,
7.565673E-5,-0.0033398445,4.751217E-4,-0.9999857,1538362350545,
-7.566797E-5,0.003339856,-4.7510283E-4,0.9999857,1538362350545,
-7.566797E-5,0.003339856,-4.7510283E-4,0.9999857,1538362350579,
7.568191E-5,-0.0033398909,4.7510036E-4,-0.9999857,1538362350579,
7.568191E-5,-0.0033398909,4.7510036E-4,-0.9999857,1538362350579,
-7.569064E-5,0.0033398997,-4.7509227E-4,0.9999857,1538362350584,
7.569229E-5,-0.0033398918,4.7509113E-4,-0.9999857,1538362350615,
-7.569051E-5,0.0033398902,-4.750905E-4,0.9999857,1538362350627,
7.5687145E-5,-0.0033398818,4.750893E-4,-0.9999857,1538362350650,
-7.568989E-5,0.0033398608,-4.7509538E-4,0.9999857,1538362350691,
7.5698576E-5,-0.0033398631,4.7510673E-4,-0.9999857,1538362350692,
-7.573948E-5,0.003339892,-4.7509145E-4,0.9999857,1538362350708,
7.5770484E-5,-0.0033399235,4.7504832E-4,-0.9999857,1538362350731,
-7.5793425E-5,0.0033399465,-4.7505574E-4,0.9999857,1538362350764,
7.5807686E-5,-0.0033399821,4.7506383E-4,-0.9999857,1538362350764,
-7.581053E-5,0.00333996,-4.7505347E-4,0.9999857,1538362350808,
7.580486E-5,-0.0033399374,4.7504294E-4,-0.9999857,1538362350809,
-7.5796335E-5,0.0033399342,-4.7504177E-4,0.9999857,1538362350841,
7.5787495E-5,-0.003339936,4.750459E-4,-0.9999857,1538362350865,
-7.580988E-5,0.0033399586,-4.7504358E-4,0.9999857,1538362350875,
7.5865006E-5,-0.0033399633,4.7505312E-4,-0.9999857,1538362350882,
-7.589111E-5,0.0033399784,-4.7508377E-4,0.9999857,1538362350907,
7.5896896E-5,-0.0033399756,4.7508272E-4,-0.9999857,1538362350941,
-7.589855E-5,0.0033399677,-4.750816E-4,0.9999857,1538362350956,
7.587952E-5,-0.003339926,4.7507897E-4,-0.9999857,1538362351020,
-7.588213E-5,0.0033399058,-4.750772E-4,0.9999857,1538362351024,
7.588353E-5,-0.0033399113,4.7507623E-4,-0.9999857,1538362351024,
-7.589441E-5,0.0033399304,-4.750824E-4,0.9999857,1538362351046,
7.592981E-5,-0.0033399449,4.750904E-4,-0.9999857,1538362351062,
-7.5966316E-5,0.0033399598,-4.7507678E-4,0.9999857,1538362351062,
7.5988115E-5,-0.0033399633,4.7505583E-4,-0.9999857,1538362351091,
-7.599073E-5,0.003339943,-4.7505405E-4,0.9999857,1538362351101,
7.598139E-5,-0.0033398764,4.7507946E-4,-0.9999857,1538362351157,
-7.5979144E-5,0.0033398743,-4.7508208E-4,0.9999857,1538362351162,
7.598963E-5,-0.0033398927,4.7508022E-4,-0.9999857,1538362351197,
7.598963E-5,-0.0033398927,4.7508022E-4,-0.9999857,1538362351198,
-7.6000506E-5,0.0033399118,-4.750864E-4,0.9999857,1538362351198,
7.600486E-5,-0.0033399675,4.7509617E-4,-0.9999857,1538362351234,
-7.601098E-5,0.003339969,-4.7509963E-4,0.9999857,1538362351235,
7.601967E-5,-0.0033399586,4.7510455E-4,-0.9999857,1538362351248,
-7.604342E-5,0.0033399318,-4.751021E-4,0.9999857,1538362351280,
7.603827E-5,-0.003339911,4.751003E-4,-0.9999857,1538362351296,
-7.601382E-5,0.0033399144,-4.7511666E-4,0.9999857,1538362351329,
7.601486E-5,-0.0033399125,4.7511898E-4,-0.9999857,1538362351335,
-7.6033124E-5,0.0033399232,-4.751171E-4,0.9999857,1538362351364,
7.6052056E-5,-0.0033399342,4.7512323E-4,-0.9999857,1538362351376,
-7.6086704E-5,0.0033399484,-4.751207E-4,0.9999857,1538362351398,
7.609886E-5,-0.0033399425,4.7514559E-4,-0.9999857,1538362351459,
-7.6101605E-5,0.0033399216,-4.7515167E-4,0.9999857,1538362351462,
7.6094526E-5,-0.0033398822,4.7516E-4,-0.9999857,1538362351463,
-7.610321E-5,0.0033398718,-4.751649E-4,0.9999857,1538362351542,
7.613189E-5,-0.003339913,4.751497E-4,-0.9999857,1538362351543,
-7.614655E-5,0.00333995,-4.751361E-4,0.9999857,1538362351550,
7.617111E-5,-0.0033399537,4.751649E-4,-0.9999857,1538362351572,
-7.62042E-5,0.0033399572,-4.751724E-4,0.9999857,1538362351574,
7.619889E-5,-0.0033399358,4.7517862E-4,-0.9999857,1538362351598,
-7.618724E-5,0.0033399244,-4.7518403E-4,0.9999857,1538362351598,
7.6184326E-5,-0.0033399216,4.751786E-4,-0.9999857,1538362351701,
-7.6201075E-5,0.0033399242,-4.75184E-4,0.9999857,1538362351701,
7.6211545E-5,-0.0033399425,4.7518214E-4,-0.9999857,1538362351708,
-7.621414E-5,0.0033399607,-4.7517262E-4,0.9999857,1538362351709,
7.624781E-5,-0.0033400233,4.7518354E-4,-0.9999857,1538362351709,
-7.627697E-5,0.0033400527,-4.752178E-4,0.9999857,1538362351724,
7.627862E-5,-0.0033400448,4.7521666E-4,-0.9999857,1538362351741,
-7.627966E-5,0.003340043,-4.7521899E-4,0.9999857,1538362351779,
7.6276745E-5,-0.00334004,4.7521354E-4,-0.9999857,1538362351863,
-7.6273034E-5,0.0033400478,-4.7520665E-4,0.9999857,1538362351864,
7.627644E-5,-0.0033400813,4.7521427E-4,-0.9999857,1538362351864,
-7.6293996E-5,0.0033401386,-4.7521116E-4,0.9999857,1538362351866,
7.62949E-5,-0.0033401395,4.7521316E-4,-0.9999857,1538362351867,
-7.630284E-5,0.0033401477,-4.7521768E-4,0.9999857,1538362351883,
7.629992E-5,-0.0033401449,4.7521223E-4,-0.9999857,1538362351924,
-7.6298136E-5,0.0033401432,-4.752116E-4,0.9999857,1538362351929,
7.630527E-5,-0.003340145,4.75205E-4,-0.9999857,1538362351941,
-7.630617E-5,0.003340146,-4.75207E-4,0.9999857,1538362351973,
7.6312615E-5,-0.003340143,4.7521063E-4,-0.9999857,1538362351991,
-7.6326556E-5,0.003340178,-4.7520816E-4,0.9999857,1538362352012,
7.636649E-5,-0.003340206,4.7521718E-4,-0.9999857,1538362352098,
-7.637468E-5,0.003340196,-4.7521573E-4,0.9999857,1538362352099,
7.639676E-5,-0.00334019,4.751945E-4,-0.9999857,1538362352178,
-7.6405486E-5,0.003340199,-4.7518642E-4,0.9999857,1538362352179,
7.640707E-5,-0.0033402052,4.7518994E-4,-0.9999857,1538362352184,
-7.640559E-5,0.003340206,-4.7518942E-4,0.9999857,1538362352184,
7.642384E-5,-0.0033402168,4.7518752E-4,-0.9999857,1538362352191,
-7.6466626E-5,0.003340247,-4.7520996E-4,0.9999857,1538362352191,
7.646737E-5,-0.0033402457,4.7520947E-4,-0.9999857,1538362352191,
-7.647005E-5,0.0033402327,-4.751916E-4,0.9999857,1538362352225,
7.6467804E-5,-0.0033402306,4.7519422E-4,-0.9999857,1538362352241,
-7.647521E-5,0.003340227,-4.7518735E-4,0.9999857,1538362352250,
7.647661E-5,-0.0033402327,4.751864E-4,-0.9999857,1538362352282,
-7.648001E-5,0.0033402662,-4.75194E-4,0.9999857,1538362352313,
7.651368E-5,-0.0033403288,4.7520493E-4,-0.9999857,1538362352375,
-7.6531935E-5,0.0033403395,-4.7520304E-4,0.9999857,1538362352375,
7.653268E-5,-0.0033403381,4.7520254E-4,-0.9999857,1538362352378,
7.653268E-5,-0.0033403381,4.7520254E-4,-0.9999857,1538362352378,
-7.653433E-5,0.0033403302,-4.752014E-4,0.9999857,1538362352378,
7.6537675E-5,-0.003340304,4.7517917E-4,-0.9999857,1538362352390,
-7.652736E-5,0.0033403,-4.7517155E-4,0.9999857,1538362352430,
7.6529184E-5,-0.0033403018,4.7518086E-4,-0.9999857,1538362352451,
-7.654007E-5,0.003340321,-4.7518703E-4,0.9999857,1538362352495,
7.6543474E-5,-0.0033403544,4.7519465E-4,-0.9999857,1538362352495,
-7.656883E-5,0.00334038,-4.7521366E-4,0.9999857,1538362352501,
7.658808E-5,-0.0033403665,4.7521168E-4,-0.9999857,1538362352531,
-7.6588825E-5,0.0033403651,-4.7521119E-4,0.9999857,1538362352571,
7.658973E-5,-0.003340366,4.752132E-4,-0.9999857,1538362352578,
-7.657654E-5,0.003340377,-4.7522734E-4,0.9999857,1538362352578,
7.6589065E-5,-0.003340399,4.7524372E-4,-0.9999857,1538362352591,
7.6589065E-5,-0.003340399,4.7524372E-4,-0.9999857,1538362352624,
-7.6612574E-5,0.0033404126,-4.7522114E-4,0.9999857,1538362352624,
7.6615695E-5,-0.0033404347,4.7520018E-4,-0.9999857,1538362352665,
-7.662712E-5,0.0033404124,-4.7519818E-4,0.9999857,1538362352666,
7.664537E-5,-0.0033404075,4.7518848E-4,-0.9999857,1538362352696,
-7.6642005E-5,0.0033403991,-4.751873E-4,0.9999857,1538362352697,
-7.6642005E-5,0.0033403991,-4.751873E-4,0.9999857,1538362352708,
7.663792E-5,-0.003340389,4.7517967E-4,-0.9999857,1538362352708,
-7.665618E-5,0.0033403998,-4.7517777E-4,0.9999857,1538362352896,
-7.665618E-5,0.0033403998,-4.7517777E-4,0.9999857,1538362352896,
7.668153E-5,-0.0033404254,4.7519678E-4,-0.9999857,1538362352896,
-7.672079E-5,0.0033404531,-4.751939E-4,0.9999857,1538362352908,
7.672951E-5,-0.003340462,4.751858E-4,-0.9999857,1538362352908,
-7.6739576E-5,0.0033404648,-4.7516893E-4,0.9999857,1538362352909,
7.674826E-5,-0.0033404543,4.7517385E-4,-0.9999857,1538362352910,
-7.6739736E-5,0.003340451,-4.7517268E-4,0.9999857,1538362352911,
7.67349E-5,-0.0033404685,4.7517836E-4,-0.9999857,1538362352920,
-7.6741024E-5,0.0033404701,-4.7518182E-4,0.9999857,1538362352920,
7.6760974E-5,-0.0033404818,4.7517123E-4,-0.9999857,1538362352941,
-7.676331E-5,0.003340498,-4.7516963E-4,0.9999857,1538362352944,
7.676057E-5,-0.0033404995,4.751645E-4,-0.9999857,1538362352957,
-7.6767974E-5,0.003340507,-4.751632E-4,0.9999857,1538362352991,
7.6794546E-5,-0.0033404771,4.751831E-4,-0.9999857,1538362353008,
-7.679163E-5,0.0033404743,-4.7517766E-4,0.9999857,1538362353014,
7.6781624E-5,-0.0033404764,4.7517027E-4,-0.9999857,1538362353048,
7.6781624E-5,-0.0033404764,4.7517027E-4,-0.9999857,1538362353057,
-7.6772776E-5,0.0033404783,-4.751744E-4,0.9999857,1538362353074,
7.677619E-5,-0.0033405118,4.7518202E-4,-0.9999857,1538362353090,
-7.6779594E-5,0.0033405453,-4.7518965E-4,0.9999857,1538362353091,
-7.6779594E-5,0.0033405453,-4.7518965E-4,0.9999857,1538362353141,
7.678832E-5,-0.0033405542,4.7518156E-4,-0.9999857,1538362353141,
-7.679545E-5,0.003340556,-4.7517495E-4,0.9999857,1538362353141,
7.679427E-5,-0.003340547,4.751785E-4,-0.9999857,1538362353156,
-7.6797995E-5,0.0033405435,-4.7517207E-4,0.9999857,1538362353179,
7.679711E-5,-0.0033405486,4.751708E-4,-0.9999857,1538362353212,
-7.678786E-5,0.0033405658,-4.7516837E-4,0.9999857,1538362353214,
7.680039E-5,-0.003340568,4.7518013E-4,-0.9999857,1538362353245,
-7.679305E-5,0.0033405698,-4.7519023E-4,0.9999857,1538362353267,
7.6799326E-5,-0.003340548,4.7518755E-4,-0.9999857,1538362353281,
-7.683107E-5,0.0033405283,-4.7516075E-4,0.9999857,1538362353313,
7.6828655E-5,-0.0033404888,4.7515726E-4,-0.9999857,1538362353341,
-7.6832825E-5,0.0033404904,-4.7516622E-4,0.9999857,1538362353341,
7.683127E-5,-0.0033405062,4.7517088E-4,-0.9999857,1538362353364,
-7.6821816E-5,0.003340524,-4.751761E-4,0.9999857,1538362353379,
7.682379E-5,-0.0033405246,4.7517524E-4,-0.9999857,1538362353412,
-7.684392E-5,0.003340562,-4.7516008E-4,0.9999857,1538362353412,
7.68581E-5,-0.0033405484,4.751494E-4,-0.9999857,1538362353474,
-7.6863704E-5,0.0033405432,-4.7513234E-4,0.9999857,1538362353474,
7.686811E-5,-0.0033405393,4.7514177E-4,-0.9999857,1538362353491,
-7.686261E-5,0.003340536,-4.7514483E-4,0.9999857,1538362353514,
7.6853365E-5,-0.0033405533,4.751424E-4,-0.9999857,1538362353514,
-7.688222E-5,0.0033406238,-4.7508779E-4,0.9999857,1538362353548,
7.688127E-5,-0.0033406294,4.7509064E-4,-0.9999857,1538362353581,
-7.6880184E-5,0.0033406308,-4.7509887E-4,0.9999857,1538362353590,
7.6879274E-5,-0.003340632,4.7509364E-4,-0.9999857,1538362353608,
7.6879274E-5,-0.003340632,4.7509364E-4,-0.9999857,1538362353639,
-7.688272E-5,0.0033406334,-4.750877E-4,0.9999857,1538362353641,
7.687499E-5,-0.0033406226,4.7509198E-4,-0.9999857,1538362353657,
-7.685714E-5,0.003340625,-4.7510548E-4,0.9999857,1538362353658,
7.6864664E-5,-0.003340657,4.7510225E-4,-0.9999857,1538362353683,
-7.68848E-5,0.0033406946,-4.750871E-4,0.9999857,1538362353707,
7.688847E-5,-0.0033407006,4.750903E-4,-0.9999857,1538362353740,
-7.68935E-5,0.003340709,-4.751011E-4,0.9999857,1538362353740,
7.68871E-5,-0.0033407158,4.7509943E-4,-0.9999857,1538362353762,
-7.688071E-5,0.0033407225,-4.7509777E-4,0.9999857,1538362353790,
-7.688071E-5,0.0033407225,-4.7509777E-4,0.9999857,1538362353797,
7.687955E-5,-0.0033407188,4.7510656E-4,-0.9999857,1538362353797,
-7.6874436E-5,0.0033407158,-4.7510522E-4,0.9999857,1538362353833,
7.687984E-5,-0.0033407318,4.751029E-4,-0.9999857,1538362353841,
-7.688751E-5,0.0033407644,-4.7510953E-4,0.9999857,1538362353873,
7.6885706E-5,-0.0033407744,4.7509169E-4,-0.9999857,1538362353884,
-7.688068E-5,0.0033407756,-4.7509448E-4,0.9999857,1538362353913,
-7.688068E-5,0.0033407756,-4.7509448E-4,0.9999857,1538362353924,
7.688435E-5,-0.0033407817,4.7509768E-4,-0.9999857,1538362353924,
-7.6890436E-5,0.0033407998,-4.7508714E-4,0.9999857,1538362353996,
7.689758E-5,-0.0033407966,4.750857E-4,-0.9999857,1538362353996,
-7.689354E-5,0.0033407751,-4.750833E-4,0.9999857,1538362353996,
7.689193E-5,-0.0033407728,4.7508554E-4,-0.9999857,1538362354008,
-7.6892844E-5,0.0033407733,-4.75085E-4,0.9999857,1538362354059,
7.68955E-5,-0.0033407805,4.750779E-4,-0.9999857,1538362354064,
-7.690264E-5,0.0033407772,-4.7507643E-4,0.9999857,1538362354065,
-7.690264E-5,0.0033407772,-4.7507643E-4,0.9999857,1538362354096,
7.6904194E-5,-0.0033407751,4.7507865E-4,-0.9999857,1538362354096,
-7.691133E-5,0.003340772,-4.750772E-4,0.9999857,1538362354125,
7.6915574E-5,-0.0033407484,4.7506587E-4,-0.9999857,1538362354146,
-7.691864E-5,0.0033407377,-4.750577E-4,0.9999857,1538362354146,
7.691084E-5,-0.0033407342,4.7506133E-4,-0.9999857,1538362354174,
-7.690594E-5,0.0033407558,-4.7503962E-4,0.9999857,1538362354207,
7.6907934E-5,-0.0033407612,4.750384E-4,-0.9999857,1538362354208,
-7.69151E-5,0.0033407626,-4.750417E-4,0.9999857,1538362354246,
7.6918164E-5,-0.0033407519,4.7503354E-4,-0.9999857,1538362354246,
7.6918164E-5,-0.0033407519,4.7503354E-4,-0.9999857,1538362354273,
-7.691493E-5,0.0033407412,-4.7502533E-4,0.9999857,1538362354273,
7.691216E-5,-0.0033407318,4.7502914E-4,-0.9999857,1538362354314,
-7.691082E-5,0.0033407325,-4.7503097E-4,0.9999857,1538362354324,
7.691641E-5,-0.003340771,4.750042E-4,-0.9999857,1538362354327,
-7.691861E-5,0.0033407768,-4.7500734E-4,0.9999857,1538362354365,
7.6956574E-5,-0.003340791,4.7501485E-4,-0.9999857,1538362354374,
-7.696371E-5,0.0033407877,-4.750134E-4,0.9999857,1538362354400,
7.696759E-5,-0.0033407663,4.75011E-4,-0.9999857,1538362354412,
-7.695884E-5,0.0033407682,-4.7500353E-4,0.9999857,1538362354434,
7.696777E-5,-0.003340764,4.7499567E-4,-0.9999857,1538362354441,
-7.697404E-5,0.0033408199,-4.749788E-4,0.9999857,1538362354475,
7.696175E-5,-0.0033408387,4.7498452E-4,-0.9999857,1538362354524,
-7.695912E-5,0.0033408299,-4.7498298E-4,0.9999857,1538362354524,
7.695778E-5,-0.003340828,4.749822E-4,-0.9999857,1538362354531,
-7.696633E-5,0.0033408355,-4.7498045E-4,0.9999857,1538362354558,
7.6963704E-5,-0.0033408266,4.749789E-4,-0.9999857,1538362354573,
-7.695959E-5,0.0033408047,-4.7498458E-4,0.9999857,1538362354593,
7.694967E-5,-0.0033407935,4.7498263E-4,-0.9999857,1538362354630,
-7.6948054E-5,0.0033407912,-4.7498487E-4,0.9999857,1538362354630,
7.6946715E-5,-0.0033407893,4.749841E-4,-0.9999857,1538362354672,
-7.695017E-5,0.0033408056,-4.74989E-4,0.9999857,1538362354673,
7.6947545E-5,-0.0033407968,4.7498746E-4,-0.9999857,1538362354704,
-7.695251E-5,0.003340769,-4.7496383E-4,0.9999857,1538362354713,
7.6955024E-5,-0.0033407605,4.749623E-4,-0.9999857,1538362354735,
-7.69524E-5,0.0033407516,-4.7496075E-4,0.9999857,1538362354774,
7.694507E-5,-0.0033407481,4.7495932E-4,-0.9999857,1538362354774,
-7.694158E-5,0.0033407637,-4.7495728E-4,0.9999857,1538362354811,
7.693123E-5,-0.0033407726,4.7494844E-4,-0.9999857,1538362354811,
-7.693511E-5,0.0033407512,-4.7494605E-4,0.9999857,1538362354847,
7.69378E-5,-0.0033407419,4.7494986E-4,-0.9999857,1538362354856,
-7.6947945E-5,0.0033407372,-4.7496136E-4,0.9999857,1538362354882,
7.695182E-5,-0.0033407158,4.7495897E-4,-0.9999857,1538362354890,
-7.693946E-5,0.0033407102,-4.749403E-4,0.9999857,1538362354923,
7.6937176E-5,-0.003340716,4.7494343E-4,-0.9999857,1538362354947,
-7.694732E-5,0.0033407114,-4.7495493E-4,0.9999857,1538362354962,
7.696021E-5,-0.0033407228,4.7493487E-4,-0.9999857,1538362354990,
-7.697542E-5,0.0033407465,-4.749112E-4,0.9999857,1538362354990,
7.6976685E-5,-0.0033407446,4.7491043E-4,-0.9999857,1538362355030,
-7.697824E-5,0.0033407426,-4.7491264E-4,0.9999857,1538362355039,
7.697413E-5,-0.0033407207,4.749183E-4,-0.9999857,1538362355078,
-7.6958924E-5,0.0033406934,-4.7493557E-4,0.9999857,1538362355078,
7.6949E-5,-0.0033406822,4.7493362E-4,-0.9999857,1538362355116,
-7.69469E-5,0.0033406834,-4.749283E-4,0.9999857,1538362355116,
7.694556E-5,-0.0033406815,4.749275E-4,-0.9999857,1538362355157,
-7.6949575E-5,0.0033406673,-4.749084E-4,0.9999857,1538362355159,
-7.6949575E-5,0.0033406673,-4.749084E-4,0.9999857,1538362355190,
7.6963835E-5,-0.0033406415,4.7489587E-4,-0.9999857,1538362355190,
-7.696024E-5,0.0033406578,-4.7490082E-4,0.9999857,1538362355206,
7.6957476E-5,-0.0033406485,4.7490463E-4,-0.9999857,1538362355223,
7.6957476E-5,-0.0033406485,4.7490463E-4,-0.9999857,1538362355250,
-7.694755E-5,0.0033406373,-4.7490268E-4,0.9999857,1538362355250,
7.692922E-5,-0.0033406396,4.7490056E-4,-0.9999857,1538362355257,
-7.692691E-5,0.0033406366,-4.7489474E-4,0.9999857,1538362355288,
-7.692691E-5,0.0033406366,-4.7489474E-4,0.9999857,1538362355296,
7.6929464E-5,-0.0033406382,4.749035E-4,-0.9999857,1538362355296,
-7.6940574E-5,0.0033406257,-4.7489375E-4,0.9999857,1538362355342,
7.6967575E-5,-0.0033406073,4.7486866E-4,-0.9999857,1538362355345,
-7.697009E-5,0.0033405987,-4.7486712E-4,0.9999857,1538362355349,
7.697165E-5,-0.0033405966,4.7486933E-4,-0.9999857,1538362355377,
-7.697321E-5,0.0033405945,-4.7487154E-4,0.9999857,1538362355398,
-7.697321E-5,0.0033405945,-4.7487154E-4,0.9999857,1538362355434,
7.695272E-5,-0.0033406052,4.7486916E-4,-0.9999857,1538362355435,
-7.6954E-5,0.0033406059,-4.74871E-4,0.9999857,1538362355445,
7.697261E-5,-0.0033406082,4.7487617E-4,-0.9999857,1538362355472,
-7.697978E-5,0.0033406096,-4.748795E-4,0.9999857,1538362355475,
7.69918E-5,-0.003340604,4.748608E-4,-0.9999857,1538362355507,
-7.7000725E-5,0.0033405998,-4.7485295E-4,0.9999857,1538362355513,
7.700164E-5,-0.0033406003,4.748524E-4,-0.9999857,1538362355540,
-7.700433E-5,0.003340591,-4.748562E-4,0.9999857,1538362355575,
7.7005614E-5,-0.0033405917,4.7485804E-4,-0.9999857,1538362355591,
-7.7004275E-5,0.0033405924,-4.7485987E-4,0.9999857,1538362355607,
7.70033E-5,-0.0033405928,4.748593E-4,-0.9999857,1538362355622,
-7.700486E-5,0.0033405907,-4.748615E-4,0.9999857,1538362355640,
7.7005774E-5,-0.0033405912,4.7486095E-4,-0.9999857,1538362355676,
-7.701432E-5,0.0033405987,-4.748592E-4,0.9999857,1538362355677,
7.702326E-5,-0.0033405945,4.7485135E-4,-0.9999857,1538362355711,
-7.7021155E-5,0.0033405998,-4.7485012E-4,0.9999857,1538362355716,
7.701954E-5,-0.0033405975,4.7485236E-4,-0.9999857,1538362355747,
-7.702967E-5,0.003340586,-4.7485708E-4,0.9999857,1538362355756,
7.703981E-5,-0.0033405814,4.7486858E-4,-0.9999857,1538362355790,
-7.70425E-5,0.0033405721,-4.748724E-4,0.9999857,1538362355798,
7.704342E-5,-0.0033405726,4.7487183E-4,-0.9999857,1538362355827,
-7.70447E-5,0.0033405733,-4.7487367E-4,0.9999857,1538362355840,
7.7047254E-5,-0.003340575,4.7488243E-4,-0.9999857,1538362355863,
-7.705387E-5,0.0033405763,-4.7488106E-4,0.9999857,1538362355898,
7.7054785E-5,-0.0033405768,4.748805E-4,-0.9999857,1538362355907,
-7.705678E-5,0.0033405821,-4.7487929E-4,0.9999857,1538362355933,
7.7058765E-5,-0.0033405833,4.74874E-4,-0.9999857,1538362355940,
-7.706769E-5,0.003340579,-4.7486613E-4,0.9999857,1538362355966,
7.7065066E-5,-0.0033405703,4.748646E-4,-0.9999857,1538362356007,
-7.706183E-5,0.0033405595,-4.7485638E-4,0.9999857,1538362356008,
7.7064346E-5,-0.003340551,4.7485484E-4,-0.9999857,1538362356027,
-7.706781E-5,0.0033405672,-4.7485976E-4,0.9999857,1538362356047,
7.707498E-5,-0.0033405686,4.748631E-4,-0.9999857,1538362356058,
-7.70775E-5,0.00334056,-4.7486156E-4,0.9999857,1538362356082,
7.71009E-5,-0.003340544,4.7484925E-4,-0.9999857,1538362356115,
-7.707898E-5,0.003340529,-4.7484672E-4,0.9999857,1538362356127,
7.7072174E-5,-0.0033405304,4.748454E-4,-0.9999857,1538362356157,
-7.707437E-5,0.0033405363,-4.7484855E-4,0.9999857,1538362356172,
7.707657E-5,-0.003340542,4.748517E-4,-0.9999857,1538362356196,
-7.709727E-5,0.003340553,-4.7485746E-4,0.9999857,1538362356217,
7.7095654E-5,-0.0033405507,4.748597E-4,-0.9999857,1538362356247,
-7.7096935E-5,0.0033405514,-4.7486153E-4,0.9999857,1538362356247,
7.710033E-5,-0.0033405465,4.7484535E-4,-0.9999857,1538362356266,
-7.7073724E-5,0.0033405179,-4.7484227E-4,0.9999857,1538362356290,
7.707096E-5,-0.0033405086,4.7484608E-4,-0.9999857,1538362356332,
-7.707316E-5,0.0033405144,-4.7484922E-4,0.9999857,1538362356332,
7.7061144E-5,-0.0033405328,4.7484686E-4,-0.9999857,1538362356374,
-7.705904E-5,0.0033405381,-4.7484564E-4,0.9999857,1538362356374,
7.7065655E-5,-0.0033405395,4.7484427E-4,-0.9999857,1538362356414,
-7.706355E-5,0.0033405449,-4.7484305E-4,0.9999857,1538362356415,
7.7060795E-5,-0.0033405412,4.7485234E-4,-0.9999857,1538362356425,
-7.706235E-5,0.003340539,-4.7485455E-4,0.9999857,1538362356449,
7.706138E-5,-0.0033405395,4.7485396E-4,-0.9999857,1538362356489,
-7.706393E-5,0.0033405412,-4.7486273E-4,0.9999857,1538362356490,
7.7067256E-5,-0.0033405568,4.748607E-4,-0.9999857,1538362356524,
-7.706628E-5,0.0033405572,-4.748601E-4,0.9999857,1538362356541,
7.7064666E-5,-0.003340555,4.7486235E-4,-0.9999857,1538362356562,
7.7064666E-5,-0.003340555,4.7486235E-4,-0.9999857,1538362356574,
-7.705098E-5,0.0033405304,-4.7486878E-4,0.9999857,1538362356575,
7.7036915E-5,-0.0033405146,4.748475E-4,-0.9999857,1538362356618,
-7.703783E-5,0.003340515,-4.7484695E-4,0.9999857,1538362356628,
7.704638E-5,-0.0033405225,4.748452E-4,-0.9999857,1538362356661,
-7.704765E-5,0.0033405207,-4.7484442E-4,0.9999857,1538362356662,
7.704502E-5,-0.0033405118,4.7484288E-4,-0.9999857,1538362356677,
-7.705355E-5,0.0033405134,-4.748354E-4,0.9999857,1538362356710,
7.709732E-5,-0.0033405423,4.7481892E-4,-0.9999857,1538362356724,
-7.709824E-5,0.0033405428,-4.7481837E-4,0.9999857,1538362356748,
8.912549E-5,-0.0033780742,4.6617366E-4,-0.9999854,1538362356757,
-6.070583E-4,0.004968628,-1.8290918E-4,0.99997866,1538362356793,
0.0012000574,-0.00682378,-0.0012422958,-0.9999664,1538362356797,
-0.0020400472,0.0074587804,0.004921821,0.99994916,1538362356835,
0.00550079,-0.0073708333,-0.009112307,-0.9999073,1538362356836,
-0.009181206,0.0073710736,0.012097366,0.99984866,1538362356877,
0.0122105805,-0.007638829,-0.015229828,-0.9997714,1538362356878,
-0.013834673,0.0123797,0.01813599,0.9996543,1538362356914,
0.015907297,-0.034653854,-0.016137965,-0.9991335,1538362356914,
-0.019616604,0.07404432,0.010218048,0.99700063,1538362356940,
-0.019616604,0.07404432,0.010218048,0.99700063,1538362356965,
0.02148527,-0.120712146,2.2288016E-4,-0.9924459,1538362356966,
-0.02048819,0.16336949,-0.01964438,0.9861474,1538362356978,
0.020203888,-0.18805714,0.032715745,-0.9813959,1538362357007,
-0.02079485,0.18902273,-0.040243182,0.9809181,1538362357015,
0.02015478,-0.19364001,0.04384578,-0.9798759,1538362357057,
-0.021362687,0.20423898,-0.045738984,0.9776093,1538362357063,
0.020332277,-0.20199081,0.0424126,-0.97824806,1538362357091,
-0.01213905,0.17720498,-0.0348969,0.9834709,1538362357096,
-0.002824891,-0.1440696,0.030057175,-0.9890978,1538362357127,
0.02379137,0.12450189,-0.026403014,0.9915735,1538362357140,
-0.054173212,-0.118651584,0.025446385,-0.99112135,1538362357162,
0.09601621,0.12610339,-0.027924215,0.98695546,1538362357206,
-0.13446593,-0.1391869,0.023069842,-0.9808138,1538362357208,
0.1664148,0.13903192,-0.010544927,0.97613883,1538362357211,
-0.20002238,-0.12050019,0.0027068364,-0.9723402,1538362357244,
0.2352992,0.101312734,-0.0023094795,0.96661615,1538362357278,
-0.26559073,-0.09781517,-0.0024677021,-0.95909846,1538362357279,
-0.26559073,-0.09781517,-0.0024677021,-0.95909846,1538362357307,
0.29014337,0.1047629,0.012855915,0.9511354,1538362357308,
-0.3144204,-0.111111164,-0.023251811,-0.94246256,1538362357324,
0.33928996,0.11071171,0.030842839,0.9336253,1538362357340,
-0.36376166,-0.104800984,-0.03213114,-0.92501026,1538362357371,
0.38636148,0.105016425,0.030246548,0.9158404,1538362357374,
-0.4083578,-0.1160272,-0.033211753,-0.9047987,1538362357407,
0.4308568,0.12807107,0.04119111,0.89232594,1538362357441,
0.4308568,0.12807107,0.04119111,0.89232594,1538362357441,
-0.4516709,-0.13309255,-0.0458281,-0.88100034,1538362357442,
0.46793184,0.13179024,0.048725046,0.87251306,1538362357495,
-0.478609,-0.12852529,-0.0541322,-0.86687165,1538362357495,
0.4870301,0.12747717,0.057816382,0.86208504,1538362357507,
-0.49683183,-0.1287149,-0.061217345,-0.856052,1538362357541,
0.5056176,0.12882802,0.06592213,0.8505236,1538362357550,
-0.5107935,-0.12627837,-0.07160303,-0.847348,1538362357577,
0.51737374,0.12297462,0.07627991,0.84342444,1538362357589,
0.51737374,0.12297462,0.07627991,0.84342444,1538362357614,
-0.52797925,-0.11915508,-0.07895519,-0.8371307,1538362357614,
-0.52797925,-0.11915508,-0.07895519,-0.8371307,1538362357623,
0.53878593,0.11337948,0.079059795,0.8310151,1538362357623,
-0.544811,-0.105732575,-0.07628788,-0.8283498,1538362357648,
0.54515845,0.09799967,0.072808586,0.82938474,1538362357683,
0.54515845,0.09799967,0.072808586,0.82938474,1538362357683,
-0.5436698,-0.09188238,-0.0690241,-0.8313833,1538362357690,
-0.5436698,-0.09188238,-0.0690241,-0.8313833,1538362357722,
0.54413015,0.08877851,0.0656626,0.8316916,1538362357723,
-0.54441744,-0.088288926,-0.061842363,-0.8318486,1538362357724,
0.5415317,0.09008416,0.057427973,0.83385384,1538362357796,
-0.5354406,-0.09508372,-0.05429652,-0.8374343,1538362357796,
0.52920157,0.10276792,0.0529082,0.8405754,1538362357807,
-0.5245664,-0.10958474,-0.05192988,-0.8426781,1538362357807,
0.5200844,0.11232797,0.0499624,0.8452102,1538362357816,
-0.51452094,-0.112199806,-0.048214003,-0.8487265,1538362357847,
0.50922745,0.11138399,0.047904924,0.8520376,1538362357981,
-0.50734854,-0.10973469,-0.047999956,-0.85336614,1538362357982,
0.5080508,0.10766411,0.04792163,0.8532165,1538362357982,
-0.50897056,-0.10588385,-0.047859125,-0.85289454,1538362357991,
0.50895566,0.10579172,0.047843806,0.8529152,1538362357995,
-0.50745195,-0.10471403,-0.04767465,-0.85395306,1538362357995,
0.50658417,0.10227338,0.047312222,0.85478383,1538362358009,
-0.5074698,-0.09923433,-0.04681059,-0.85464436,1538362358011,
0.50947714,0.09680699,0.04638096,0.85375154,1538362358049,
-0.51157415,-0.0953266,-0.046312913,-0.8526672,1538362358049,
0.5131964,0.09416548,0.046772648,0.8517958,1538362358096,
-0.51425374,-0.09245549,-0.04723964,-0.85131955,1538362358097,
-0.51425374,-0.09245549,-0.04723964,-0.85131955,1538362358111,
0.5146438,0.09016857,0.047254197,0.8513284,1538362358111,
-0.5150267,-0.087589316,-0.046798475,-0.8513913,1538362358140,
-0.5150267,-0.087589316,-0.046798475,-0.8513913,1538362358156,
0.51599604,0.085589014,0.046350103,0.85103226,1538362358156,
-0.5170634,-0.08548916,-0.04657899,-0.85038173,1538362358179,
0.5174252,0.08734996,0.04733451,0.8499307,1538362358189,
-0.51730734,-0.08972528,-0.04804124,-0.84971535,1538362358215,
0.51792645,0.09159577,0.048423536,0.84911674,1538362358227,
-0.51972693,-0.09223804,-0.048138563,-0.8479624,1538362358261,
0.52230316,0.09152477,0.047213465,0.84650755,1538362358266,
-0.5245047,-0.09063426,-0.046315502,-0.8452909,1538362358312,
0.52561134,0.09006922,0.045745395,0.84469473,1538362358324,
-0.5263846,-0.08978783,-0.04526269,-0.84426904,1538362358336,
0.52743274,0.0897573,0.04475618,0.8436449,1538362358378,
-0.5283662,-0.08970641,-0.044233855,-0.8430936,1538362358378,
0.52836436,0.08971194,0.04419693,0.84309584,1538362358391,
-0.52780896,-0.08958281,-0.043418806,-0.8434978,1538362358416,
0.52781343,0.08955516,0.043383304,0.84349954,1538362358426,
-0.52783793,-0.08955531,-0.043395072,-0.8434834,1538362358461,
0.528151,0.09032798,0.044003718,0.8431735,1538362358473,
-0.5287067,-0.091348484,-0.044502564,-0.842689,1538362358501,
0.5298908,0.0920335,0.044825677,0.8418532,1538362358512,
-0.531084,-0.092025004,-0.044984,-0.8410934,1538362358543,
0.5311009,0.091993116,0.044988107,0.84108573,1538362358573,
-0.5310935,-0.09198081,-0.044999633,-0.841091,1538362358590,
0.5311041,0.09199417,0.045024384,0.84108126,1538362358596,
-0.5311241,-0.09200126,-0.04504327,-0.84106666,1538362358623,
0.5311394,0.09197118,0.04504032,0.8410602,1538362358629,
-0.5311375,-0.09196435,-0.045036186,-0.84106225,1538362358665,
0.5310767,0.092014976,0.045052357,0.8410937,1538362358674,
0.5310767,0.092014976,0.045052357,0.8410937,1538362358707,
-0.5303517,-0.09263805,-0.0453996,-0.84146404,1538362358707,
0.53035307,0.09264303,0.045413326,0.8414618,1538362358716,
-0.53037155,-0.092652194,-0.045452517,-0.84144676,1538362358756,
0.5303493,0.09266556,0.045505274,0.84145606,1538362358765,
-0.53028506,-0.09265543,-0.045547344,-0.8414949,1538362358824,
0.52999705,0.09168529,0.045541823,0.84178287,1538362358826,
-0.5304519,-0.090058945,-0.04526473,-0.84168684,1538362358826,
0.5310262,0.088800885,0.04519364,0.8414622,1538362358884,
-0.5310501,-0.0888528,-0.04524013,-0.84143865,1538362358884,
0.5310616,0.09113539,0.046070274,0.8411422,1538362358895,
-0.53074974,-0.09344645,-0.046779014,-0.8410463,1538362358915,
0.5303113,0.09490637,0.046994593,0.8411473,1538362358932,
-0.530244,-0.096193306,-0.04719443,-0.8410323,1538362358936,
0.53025967,0.098032534,0.047840167,0.8407735,1538362358973,
-0.52968305,-0.09993606,-0.048609257,-0.8408688,1538362358979,
0.52927023,0.10100317,0.048814308,0.84098935,1538362359013,
-0.5292549,-0.10097961,-0.048778523,-0.8410036,1538362359028,
-0.5292549,-0.10097961,-0.048778523,-0.8410036,1538362359049,
0.5280024,0.096434414,0.046206653,0.8424682,1538362359049,
-0.52522284,-0.08900148,-0.042963643,-0.8451909,1538362359057,
0.52128166,0.083246835,0.038274623,0.84843624,1538362359081,
-0.5181761,-0.0805411,-0.033686135,-0.85079116,1538362359115,
0.5164921,0.08017171,0.030017566,0.8519864,1538362359115,
-0.5144175,-0.08039169,-0.02561172,-0.85336363,1538362359179,
0.5098087,0.08031337,0.019670544,0.8562894,1538362359179,
-0.50368416,-0.0785141,-0.011775734,-0.8602167,1538362359180,
0.5000043,0.07371849,5.9154816E-4,0.86286414,1538362359233,
-0.49746388,-0.06704447,0.015487507,-0.864736,1538362359233,
0.49171856,0.06329069,-0.030414995,0.867903,1538362359240,
-0.47895357,-0.06388347,0.035313122,-0.8747851,1538362359273,
0.46104428,0.06713105,-0.031167772,0.88427025,1538362359280,
-0.44380236,-0.06904683,0.027351938,-0.89302725,1538362359307,
0.428921,0.06354135,-0.030047556,0.9005888,1538362359342,
-0.41415888,-0.053412378,0.037968382,-0.90782803,1538362359358,
0.39821708,0.043209597,-0.04549418,0.9151285,1538362359406,
-0.37979913,-0.038174435,0.048622616,-0.92298704,1538362359407,
0.35535964,0.03745807,-0.049912546,0.9326301,1538362359409,
-0.32489198,-0.039626725,0.051202502,-0.94351846,1538362359417,
0.29583585,0.045398317,-0.05178061,0.95273954,1538362359446,
-0.27253798,-0.054688305,0.051323105,-0.9592038,1538362359628,
0.25112692,0.063859254,-0.050719943,0.96449906,1538362359628,
-0.22861907,-0.07050201,0.050676,-0.96962285,1538362359639,
0.20593518,0.07506414,-0.052035734,0.97428024,1538362359644,
-0.18501288,-0.077880435,0.054216433,-0.9781304,1538362359644,
0.163924,0.07910303,-0.055991918,0.9816874,1538362359644,
-0.14034212,-0.07960039,0.057247516,-0.985223,1538362359646,
0.11709696,0.081280865,-0.05896355,0.9880176,1538362359647,
-0.095639706,-0.08159501,0.06155373,-0.99014145,1538362359647,
0.07558854,0.08095532,-0.063567,0.9917991,1538362359656,
-0.05660532,-0.08328156,0.06509348,-0.9927721,1538362359772,
0.039156247,0.08760576,-0.06791288,0.9930526,1538362359773,
-0.023371294,-0.08693287,0.07062851,-0.9934192,1538362359774,
0.009521144,0.08135958,-0.07144561,0.9940619,1538362359774,
0.0020891682,-0.07804032,0.07040682,-0.9944454,1538362359780,
-0.0114424005,0.07987199,-0.06921128,0.9943202,1538362359792,
0.018724818,-0.084616,0.068744,-0.9938497,1538362359795,
-0.025906414,0.08741916,-0.06795362,0.9935001,1538362359800,
0.033320095,-0.09023859,0.065757275,-0.9931748,1538362359827,
-0.03742727,0.09969633,-0.06446996,0.99220806,1538362359962,
0.029891314,-0.10674505,0.06600743,-0.9916292,1538362359962,
-0.02822073,0.105955094,-0.06628895,0.9917441,1538362359974,
0.029903673,-0.10299306,0.06409558,-0.9921509,1538362359974,
-0.030037548,0.10060904,-0.062575296,0.99248856,1538362359974,
0.029721959,-0.09350701,0.062078927,-0.9932235,1538362359974,
-0.028847925,0.080066524,-0.06100693,0.99448925,1538362359975,
-0.028847925,0.080066524,-0.06100693,0.99448925,1538362360040,
0.027426222,-0.061121278,0.05804516,-0.99605036,1538362360040,
-0.026092289,0.03555207,-0.05359029,0.99757546,1538362360044,
0.023631139,-0.010735073,0.052723896,-0.9982584,1538362360044,
-0.022281757,0.01043667,-0.054608967,0.9981913,1538362360053,
0.013101615,0.003024237,0.056663316,-0.99828947,1538362360107,
-0.0025936791,-0.018546963,-0.058906127,0.9980745,1538362360107,
0.0011055027,0.0083275465,0.06137431,-0.99806607,1538362360107,
-0.0013468158,0.0078045237,-0.063241735,0.9979534,1538362360151,
0.001046939,-0.0069468105,0.062451597,-0.9980099,1538362360173,
-7.9057965E-4,0.0049598594,-0.060853954,0.9981207,1538362360174,
8.314256E-4,-0.0054618604,0.059486907,-0.9982005,1538362360211,
-8.3820603E-4,0.00553034,-0.058017503,0.9982866,1538362360221,
8.470197E-4,-0.00550145,0.056870583,-0.99835277,1538362360244,
-8.475519E-4,0.0055016535,-0.05686493,0.99835306,1538362360378,
-8.475519E-4,0.0055016535,-0.05686493,0.99835306,1538362360379,
8.4757846E-4,-0.005501785,0.056866046,-0.998353,1538362360380,
-8.4749045E-4,0.0055017844,-0.056866057,0.998353,1538362360380,
8.4727455E-4,-0.0055017797,0.056865998,-0.998353,1538362360381,
-8.4722746E-4,0.0055018067,-0.05686602,0.998353,1538362360381,
8.4722973E-4,-0.0055018035,0.056866013,-0.998353,1538362360389,
-8.47316E-4,0.0055018133,-0.05686601,0.998353,1538362360391,
8.4757985E-4,-0.005501894,0.05686597,-0.998353,1538362360391,
-8.4790046E-4,0.0055019837,-0.05686593,0.998353,1538362360440,
8.4802165E-4,-0.0055019963,0.056865945,-0.998353,1538362360441,
-8.480362E-4,0.0055019734,-0.05686594,0.998353,1538362360520,
8.4798795E-4,-0.0055019166,0.056865938,-0.998353,1538362360521,
-8.4796303E-4,0.005501887,-0.056865934,0.998353,1538362360522,
8.4795663E-4,-0.00550191,0.05686596,-0.998353,1538362360522,
-8.480529E-4,0.005501921,-0.05686601,0.998353,1538362360578,
8.4827555E-4,-0.005501864,0.056865975,-0.998353,1538362360578,
-8.484834E-4,0.0055019083,-0.056865994,0.998353,1538362360579,
8.4852014E-4,-0.0055019027,0.056866,-0.998353,1538362360590,
-8.4849953E-4,0.0055018957,-0.05686599,0.998353,1538362360623,
8.484115E-4,-0.005501895,0.056866,-0.998353,1538362360656,
8.484115E-4,-0.005501895,0.056866,-0.998353,1538362360657,
-8.483185E-4,0.005501912,-0.05686598,0.998353,1538362360657,
8.483117E-4,-0.0055019436,0.056865986,-0.998353,1538362360791,
-8.484251E-4,0.0055020666,-0.05686598,0.998353,1538362360791,
8.4855256E-4,-0.00550212,0.056865953,-0.998353,1538362360791,
-8.4859825E-4,0.0055021546,-0.056865923,0.998353,1538362360791,
8.4857526E-4,-0.00550221,0.05686592,-0.998353,1538362360792,
-8.4851414E-4,0.005502211,-0.0568659,0.998353,1538362360795,
8.484233E-4,-0.005502194,0.05686593,-0.998353,1538362360796,
-8.48414E-4,0.0055021825,-0.056865927,0.998353,1538362360874,
8.485012E-4,-0.005502036,0.056865875,-0.998353,1538362360884,
-8.4859034E-4,0.0055019525,-0.05686589,0.998353,1538362360943,
8.486786E-4,-0.005501979,0.0568659,-0.998353,1538362360944,
-8.487156E-4,0.0055020708,-0.056865912,0.998353,1538362360947,
8.486508E-4,-0.005502229,0.056865904,-0.998353,1538362360947,
-8.4849383E-4,0.005502414,-0.05686587,0.998353,1538362361050,
8.4845175E-4,-0.005502427,0.05686589,-0.998353,1538362361055,
-8.484492E-4,0.0055022975,-0.056865882,0.998353,1538362361057,
8.4852346E-4,-0.0055021904,0.056865856,-0.998353,1538362361057,
-8.4863347E-4,0.0055021252,-0.05686583,0.998353,1538362361057,
8.486933E-4,-0.005502146,0.05686584,-0.998353,1538362361061,
-8.487145E-4,0.0055022654,-0.056865856,0.998353,1538362361068,
8.486655E-4,-0.0055023558,0.056865886,-0.998353,1538362361078,
-8.485497E-4,0.005502436,-0.0568659,0.998353,1538362361107,
8.485071E-4,-0.005502399,0.056865897,-0.998353,1538362361139,
-8.485397E-4,0.0055022975,-0.056865856,0.998353,1538362361141,
8.487265E-4,-0.005502126,0.0568659,-0.998353,1538362361178,
-8.4886985E-4,0.005502055,-0.056865893,0.998353,1538362361188,
-8.4886985E-4,0.005502055,-0.056865893,0.998353,1538362361211,
8.4889436E-4,-0.00550208,0.05686588,-0.998353,1538362361211,
-8.488662E-4,0.0055023297,-0.056865845,0.998353,1538362361227,
8.488385E-4,-0.005502578,0.056865864,-0.998353,1538362361260,
-8.487531E-4,0.0055026505,-0.056865875,0.998353,1538362361260,
8.486919E-4,-0.0055025374,0.056865867,-0.998353,1538362361295,
-8.487493E-4,0.0055022673,-0.05686586,0.998353,1538362361300,
8.488756E-4,-0.005502077,0.05686588,-0.998353,1538362361329,
-8.4893865E-4,0.0055020014,-0.056865875,0.998353,1538362361340,
8.489525E-4,-0.0055020372,0.056865882,-0.998353,1538362361365,
-8.489554E-4,0.005502119,-0.056865893,0.998353,1538362361399,
8.489268E-4,-0.0055022016,0.05686589,-0.998353,1538362361399,
-8.4886455E-4,0.005502216,-0.0568659,0.998353,1538362361461,
8.48847E-4,-0.005502148,0.056865897,-0.998353,1538362361461,
-8.488681E-4,0.005501971,-0.056865845,0.998353,1538362361482,
8.4895827E-4,-0.005501887,0.05686582,-0.998353,1538362361482,
-8.4901735E-4,0.005501881,-0.056865815,0.998353,1538362361523,
8.4902026E-4,-0.005501913,0.05686581,-0.998353,1538362361523,
-8.489555E-4,0.005502071,-0.056865804,0.998353,1538362361563,
8.4887043E-4,-0.0055021434,0.0568658,-0.998353,1538362361563,
-8.488342E-4,0.005502134,-0.056865808,0.998353,1538362361606,
8.487951E-4,-0.0055020303,0.056865804,-0.998353,1538362361607,
-8.4883993E-4,0.005501852,-0.05686575,0.998353,1538362361640,
8.4902346E-4,-0.005501683,0.056865744,-0.998353,1538362361645,
-8.4906403E-4,0.005501666,-0.05686575,0.998353,1538362361681,
8.4909506E-4,-0.0055017127,0.056865722,-0.998353,1538362361695,
-8.4907556E-4,0.005501866,-0.056865737,0.998353,1538362361739,
8.489349E-4,-0.0055019273,0.05686575,-0.998353,1538362361745,
-8.488947E-4,0.005501905,-0.056865737,0.998353,1538362361745,
8.4890967E-4,-0.0055018817,0.056865744,-0.998353,1538362361774,
-8.489728E-4,0.0055017383,-0.056865804,0.998353,1538362361779,
8.491596E-4,-0.005501567,0.05686585,-0.998353,1538362361807,
-8.4921886E-4,0.005501588,-0.056865845,0.998353,1538362361844,
8.492378E-4,-0.0055016736,0.056865856,-0.998353,1538362361849,
-8.4917765E-4,0.005501739,-0.056865867,0.998353,1538362361880,
8.4908644E-4,-0.0055017555,0.05686588,-0.998353,1538362361893,
-8.490118E-4,0.0055016866,-0.05686591,0.998353,1538362361915,
8.490088E-4,-0.005501592,0.05686592,-0.998353,1538362361945,
-8.4910705E-4,0.005501404,-0.056865864,0.998353,1538362361946,
8.4920385E-4,-0.0055013313,0.056865845,-0.998353,1538362361980,
-8.492626E-4,0.005501396,-0.056865845,0.998353,1538362361989,
8.492558E-4,-0.0055014994,0.05686588,-0.998353,1538362362040,
-8.492096E-4,0.0055015516,-0.05686588,0.998353,1538362362060,
8.4912265E-4,-0.0055015944,0.05686588,-0.998353,1538362362061,
-8.4903935E-4,0.0055015357,-0.05686588,0.998353,1538362362077,
8.4906805E-4,-0.005501383,0.056865834,-0.998353,1538362362100,
-8.4914267E-4,0.005501227,-0.056865808,0.998353,1538362362107,
8.491675E-4,-0.005501227,0.056865808,-0.998353,1538362362173,
-8.491731E-4,0.00550124,-0.0568658,0.998353,1538362362173,
8.491678E-4,-0.0055013136,0.056865767,-0.998353,1538362362173,
-8.4912917E-4,0.005501346,-0.056865767,0.998353,1538362362194,
8.490532E-4,-0.005501325,0.05686575,-0.998353,1538362362223,
-8.490027E-4,0.005501228,-0.056865714,0.998353,1538362362228,
8.4904494E-4,-0.0055011166,0.056865714,-0.998353,1538362362257,
-8.4907346E-4,0.0055010635,-0.056865714,0.998353,1538362362273,
8.491197E-4,-0.0055010645,0.056865703,-0.998353,1538362362297,
-8.491636E-4,0.005501148,-0.056865685,0.998353,1538362362315,
8.491409E-4,-0.0055012284,0.056865633,-0.998353,1538362362351,
-8.491193E-4,0.0055012456,-0.05686561,0.998353,1538362362357,
8.490675E-4,-0.005501214,0.05686561,-0.998353,1538362362390,
8.490675E-4,-0.005501214,0.05686561,-0.998353,1538362362411,
-8.4904727E-4,0.0055011786,-0.05686561,0.998353,1538362362411,
8.491021E-4,-0.0055010943,0.05686561,-0.998353,1538362362427,
-8.491543E-4,0.0055010696,-0.05686561,0.998353,1538362362440,
8.491843E-4,-0.0055010803,0.05686563,-0.998353,1538362362464,
-8.492092E-4,0.005501155,-0.05686563,0.998353,1538362362477,
8.491532E-4,-0.0055012335,0.05686561,-0.998353,1538362362506,
-8.490845E-4,0.0055012917,-0.05686561,0.998353,1538362362512,
8.4904843E-4,-0.0055012633,0.056865584,-0.998353,1538362362540,
-8.490369E-4,0.005501185,-0.056865584,0.998353,1538362362573,
8.4909174E-4,-0.005501101,0.056865584,-0.998353,1538362362573,
-8.492095E-4,0.005501047,-0.056865584,0.998353,1538362362612,
8.492349E-4,-0.0055010556,0.056865584,-0.998353,1538362362612,
-8.4924453E-4,0.0055011264,-0.0568656,0.998353,1538362362647,
8.4923685E-4,-0.0055011385,0.056865606,-0.998353,1538362362678,
-8.491636E-4,0.0055011325,-0.056865606,0.998353,1538362362690,
8.491057E-4,-0.005501082,0.05686562,-0.998353,1538362362698,
-8.4909407E-4,0.0055010025,-0.056865636,0.998353,1538362362723,
8.491046E-4,-0.0055009737,0.056865636,-0.998353,1538362362798,
-8.4915425E-4,0.0055009746,-0.05686566,0.998353,1538362362798,
8.4919506E-4,-0.0055010347,0.05686569,-0.998353,1538362362799,
-8.491801E-4,0.005501079,-0.0568657,0.998353,1538362362800,
8.491547E-4,-0.00550111,0.056865722,-0.998353,1538362362824,
-8.491213E-4,0.005501128,-0.056865733,0.998353,1538362362857,
8.4911246E-4,-0.0055010957,0.056865722,-0.998353,1538362362874,
-8.4911584E-4,0.0055010184,-0.056865707,0.998353,1538362362906,
8.4914494E-4,-0.0055009644,0.05686572,-0.998353,1538362362910,
-8.491982E-4,0.005500939,-0.05686573,0.998353,1538362362922,
8.49227E-4,-0.005501046,0.056865744,-0.998353,1538362363106,
-8.491982E-4,0.005501181,-0.056865744,0.998353,1538362363107,
8.4917917E-4,-0.005501249,0.056865744,-0.998353,1538362363108,
-8.4914523E-4,0.005501267,-0.056865733,0.998353,1538362363109,
8.4915955E-4,-0.005501217,0.056865733,-0.998353,1538362363115,
-8.4918377E-4,0.0055011036,-0.05686577,0.998353,1538362363123,
8.4925303E-4,-0.0055010384,0.056865785,-0.998353,1538362363123,
-8.493248E-4,0.005501055,-0.05686577,0.998353,1538362363124,
8.4939844E-4,-0.005501179,0.05686579,-0.998353,1538362363124,
-8.493938E-4,0.0055012465,-0.05686579,0.998353,1538362363139,
8.493752E-4,-0.005501253,0.05686577,-0.998353,1538362363141,
-8.4936427E-4,0.0055011967,-0.056865796,0.998353,1538362363173,
8.493359E-4,-0.005501112,0.05686581,-0.998353,1538362363206,
-8.493711E-4,0.005501033,-0.05686581,0.998353,1538362363206,
8.4947667E-4,-0.005501019,0.056865793,-0.998353,1538362363239,
-8.495016E-4,0.0055010933,-0.056865793,0.998353,1538362363246,
8.4951E-4,-0.005501139,0.056865804,-0.998353,1538362363273,
-8.494939E-4,0.005501187,-0.05686583,0.998353,1538362363328,
8.494614E-4,-0.005501204,0.05686583,-0.998353,1538362363332,
-8.4944116E-4,0.005501169,-0.05686583,0.998353,1538362363340,
8.494316E-4,-0.005501134,0.056865852,-0.998353,1538362363344,
-8.494607E-4,0.00550108,-0.056865864,0.998353,1538362363377,
8.4947224E-4,-0.0055010854,0.056865864,-0.998353,1538362363379,
-8.494976E-4,0.0055010943,-0.056865864,0.998353,1538362363431,
8.495211E-4,-0.0055011488,0.056865834,-0.998353,1538362363432,
-8.495044E-4,0.0055011977,-0.056865808,0.998353,1538362363442,
8.4944954E-4,-0.0055012056,0.05686578,-0.998353,1538362363467,
-8.493662E-4,0.0055011646,-0.056865748,0.998353,1538362363506,
8.493179E-4,-0.005501072,0.05686573,-0.998353,1538362363507,
-8.4934104E-4,0.005501039,-0.05686574,0.998353,1538362363540,
8.494034E-4,-0.005501107,0.056865774,-0.998353,1538362363547,
-8.494283E-4,0.0055011814,-0.056865774,0.998353,1538362363578,
-8.494283E-4,0.0055011814,-0.056865774,0.998353,1538362363589,
8.494217E-4,-0.0055012805,0.05686579,-0.998353,1538362363589,
8.494217E-4,-0.0055012805,0.05686579,-0.998353,1538362363610,
-8.493926E-4,0.0055013285,-0.0568658,0.998353,1538362363611,
8.4937544E-4,-0.0055013425,0.0568658,-0.998353,1538362363645,
-8.4937754E-4,0.005501293,-0.0568658,0.998353,1538362363645,
8.4939227E-4,-0.0055012414,0.056865785,-0.998353,1538362363681,
-8.494194E-4,0.0055012326,-0.056865785,0.998353,1538362363693,
8.494486E-4,-0.0055012535,0.056865796,-0.998353,1538362363722,
-8.4947684E-4,0.005501274,-0.056865796,0.998353,1538362363755,
8.494759E-4,-0.005501285,0.0568658,-0.998353,1538362363755,
-8.4945787E-4,0.0055012996,-0.056865808,0.998353,1538362363786,
8.494298E-4,-0.005501287,0.056865808,-0.998353,1538362363789,
-8.493871E-4,0.005501222,-0.056865793,0.998353,1538362363823,
8.4938743E-4,-0.005501207,0.056865785,-0.998353,1538362363831,
-8.494614E-4,0.0055011944,-0.0568658,0.998353,1538362363865,
-8.494614E-4,0.0055011944,-0.0568658,0.998353,1538362363865,
8.4948825E-4,-0.0055012037,0.05686579,-0.998353,1538362363889,
8.4948825E-4,-0.0055012037,0.05686579,-0.998353,1538362363910,
-8.494967E-4,0.0055012493,-0.0568658,0.998353,1538362363910,
8.495059E-4,-0.0055012982,0.056865823,-0.998353,1538362363922,
-8.494985E-4,0.0055013034,-0.056865834,0.998353,1538362363963,
8.4945135E-4,-0.0055012987,0.056865834,-0.998353,1538362363989,
-8.4944424E-4,0.005501282,-0.056865826,0.998353,1538362363990,
8.4945856E-4,-0.005501232,0.056865826,-0.998353,1538362363997,
-8.494765E-4,0.0055012144,-0.056865834,0.998353,1538362364032,
8.4948353E-4,-0.0055012405,0.05686584,-0.998353,1538362364073,
-8.49492E-4,0.005501286,-0.056865852,0.998353,1538362364128,
8.494773E-4,-0.00550133,0.056865852,-0.998353,1538362364139,
-8.4942847E-4,0.0055013373,-0.056865852,0.998353,1538362364155,
8.4937137E-4,-0.005501288,0.056865852,-0.998353,1538362364157,
-8.493613E-4,0.0055012363,-0.056865852,0.998353,1538362364157,
8.4937183E-4,-0.0055012074,0.056865852,-0.998353,1538362364161,
-8.494015E-4,0.005501208,-0.05686587,0.998353,1538362364173,
8.4952195E-4,-0.005501296,0.056865912,-0.998353,1538362364199,
8.4952195E-4,-0.005501296,0.056865912,-0.998353,1538362364257,
-8.495843E-4,0.005501364,-0.056865945,0.998353,1538362364258,
8.4957323E-4,-0.0055013895,0.056865953,-0.998353,1538362364306,
-8.4956E-4,0.0055013876,-0.05686596,0.998353,1538362364307,
8.495532E-4,-0.0055013713,0.056865968,-0.998353,1538362364308,
-8.495461E-4,0.0055013546,-0.05686596,0.998353,1538362364308,
8.4957253E-4,-0.0055013546,0.05686595,-0.998353,1538362364391,
-8.496214E-4,0.005501381,-0.05686596,0.998353,1538362364395,
8.4968377E-4,-0.005501449,0.056865994,-0.998353,1538362364411,
-8.4969343E-4,0.00550152,-0.05686601,0.998353,1538362364423,
8.4967905E-4,-0.0055015106,0.056866016,-0.998353,1538362364428,
-8.4967463E-4,0.005501505,-0.056866016,0.998353,1538362364430,
8.496394E-4,-0.0055014775,0.05686604,-0.998353,1538362364439,
-8.4961485E-4,0.0055014202,-0.05686605,0.998353,1538362364473,
8.4962195E-4,-0.0055014063,0.05686605,-0.998353,1538362364478,
-8.496252E-4,0.0055014095,-0.05686605,0.998353,1538362364524,
-8.496252E-4,0.0055014095,-0.05686605,0.998353,1538362364548,
8.4964867E-4,-0.005501464,0.05686602,-0.998353,1538362364548,
-8.496438E-4,0.0055015334,-0.056866005,0.998353,1538362364548,
8.496252E-4,-0.0055015483,0.056865994,-0.998353,1538362364588,
8.496252E-4,-0.0055015483,0.056865994,-0.998353,1538362364590,
-8.4957347E-4,0.0055015166,-0.056865994,0.998353,1538362364630,
8.495532E-4,-0.0055014812,0.056865994,-0.998353,1538362364630,
-8.495675E-4,0.0055014314,-0.056865994,0.998353,1538362364644,
8.4957905E-4,-0.005501437,0.056865994,-0.998353,1538362364661,
8.4957905E-4,-0.005501437,0.056865994,-0.998353,1538362364662,
-8.496166E-4,0.005501464,-0.056865953,0.998353,1538362364662,
8.496342E-4,-0.0055014933,0.056865953,-0.998353,1538362364695,
8.496342E-4,-0.0055014933,0.056865953,-0.998353,1538362364706,
-8.49627E-4,0.005501504,-0.056865953,0.998353,1538362364707,
8.4957876E-4,-0.0055014994,0.056865964,-0.998353,1538362364732,
-8.495473E-4,0.0055014747,-0.056865964,0.998353,1538362364766,
-8.495473E-4,0.0055014747,-0.056865964,0.998353,1538362364792,
8.4954215E-4,-0.005501468,0.056865968,-0.998353,1538362364794,
-8.4954716E-4,0.005501463,-0.05686597,0.998353,1538362364794,
8.495755E-4,-0.0055014538,0.05686598,-0.998353,1538362364815,
-8.4957876E-4,0.005501457,-0.05686598,0.998353,1538362364840,
-8.4957876E-4,0.005501457,-0.05686598,0.998353,1538362364840,
8.495785E-4,-0.0055014594,0.05686598,-0.998353,1538362364897,
-8.495494E-4,0.0055015073,-0.05686599,0.998353,1538362364898,
8.4953295E-4,-0.0055015055,0.056866005,-0.998353,1538362364906,
-8.495297E-4,0.005501505,-0.056866005,0.998353,1538362364910,
8.4952323E-4,-0.0055014896,0.056866005,-0.998353,1538362364925,
-8.4952754E-4,0.0055014943,-0.056866,0.998353,1538362364944,
8.49551E-4,-0.0055015488,0.05686597,-0.998353,1538362365006,
-8.4957236E-4,0.005501572,-0.056865934,0.998353,1538362365012,
8.495715E-4,-0.005501582,0.056865934,-0.998353,1538362365012,
-8.4957544E-4,0.0055015814,-0.05686593,0.998353,1538362365039,
8.4955216E-4,-0.0055015413,0.056865904,-0.998353,1538362365057,
-8.4951596E-4,0.0055014994,-0.056865904,0.998353,1538362365078,
8.495164E-4,-0.005501485,0.056865912,-0.998353,1538362365094,
-8.4952894E-4,0.0055014915,-0.05686592,0.998353,1538362365123,
8.4955816E-4,-0.0055015124,0.05686593,-0.998353,1538362365130,
-8.495652E-4,0.005501539,-0.05686592,0.998353,1538362365157,
8.495521E-4,-0.005501569,0.056865897,-0.998353,1538362365172,
-8.495441E-4,0.0055015744,-0.056865882,0.998353,1538362365225,
8.49537E-4,-0.0055015576,0.056865875,-0.998353,1538362365237,
-8.4953057E-4,0.0055015422,-0.056865875,0.998353,1538362365244,
8.495304E-4,-0.005501542,0.05686588,-0.998353,1538362365244,
-8.49534E-4,0.0055015413,-0.056865882,0.998353,1538362365280,
8.4954686E-4,-0.0055015483,0.056865875,-0.998353,1538362365323,
8.4954686E-4,-0.0055015483,0.056865875,-0.998353,1538362365328,
-8.4956206E-4,0.0055015646,-0.056865867,0.998353,1538362365329,
8.4957614E-4,-0.00550158,0.056865867,-0.998353,1538362365344,
-8.4955874E-4,0.0055015776,-0.05686585,0.998353,1538362365345,
8.4954384E-4,-0.0055015683,0.05686584,-0.998353,1538362365428,
-8.4954425E-4,0.0055015553,-0.05686584,0.998353,1538362365428,
8.495453E-4,-0.0055015255,0.05686583,-0.998353,1538362365440,
-8.4957137E-4,0.0055015255,-0.056865837,0.998353,1538362365444,
8.495996E-4,-0.005501546,0.056865837,-0.998353,1538362365490,
-8.4963744E-4,0.005501602,-0.056865837,0.998353,1538362365490,
8.496303E-4,-0.0055016126,0.056865837,-0.998353,1538362365492,
-8.496299E-4,0.0055016116,-0.056865826,0.998353,1538362365528,
-8.496299E-4,0.0055016116,-0.056865826,0.998353,1538362365528,
8.4960187E-4,-0.0055015283,0.056865826,-0.998353,1538362365528,
-8.495918E-4,0.0055014766,-0.056865826,0.998353,1538362365581,
8.4959884E-4,-0.005501469,0.05686584,-0.998353,1538362365581,
-8.4960443E-4,0.005501482,-0.056865834,0.998353,1538362365599,
8.4961596E-4,-0.0055014878,0.056865834,-0.998353,1538362365627,
-8.49624E-4,0.005501518,-0.05686581,0.998353,1538362365633,
8.496422E-4,-0.0055015,0.0568658,-0.998353,1538362365660,
-8.4965E-4,0.0055014845,-0.056865793,0.998353,1538362365669,
8.4965007E-4,-0.005501481,0.056865793,-0.998353,1538362365695,
-8.496468E-4,0.0055014803,-0.056865793,0.998353,1538362365728,
8.4964675E-4,-0.0055014803,0.056865793,-0.998353,1538362365729,
-8.496716E-4,0.0055014803,-0.056865793,0.998353,1538362365761,
8.4969E-4,-0.005501511,0.05686578,-0.998353,1538362365764,
-8.4968854E-4,0.005501526,-0.056865767,0.998353,1538362365794,
8.4968394E-4,-0.005501525,0.056865763,-0.998353,1538362365830,
-8.4967935E-4,0.005501524,-0.05686576,0.998353,1538362365831,
8.4967935E-4,-0.005501519,0.056865755,-0.998353,1538362365864,
-8.4967253E-4,0.0055015027,-0.056865763,0.998353,1538362365872,
8.496715E-4,-0.0055015143,0.056865755,-0.998353,1538362365895,
-8.4969494E-4,0.005501569,-0.056865726,0.998353,1538362365931,
8.4972446E-4,-0.00550159,0.056865714,-0.998353,1538362365931,
-8.4971887E-4,0.005501594,-0.05686571,0.998353,1538362365981,
8.497187E-4,-0.0055015935,0.056865714,-0.998353,1538362365990,
-8.497132E-4,0.005501587,-0.056865707,0.998353,1538362365991,
8.4970315E-4,-0.0055015353,0.056865707,-0.998353,1538362366016,
-8.497032E-4,0.0055015315,-0.056865707,0.998353,1538362366039,
8.49703E-4,-0.0055015306,0.05686572,-0.998353,1538362366065,
-8.497021E-4,0.0055015404,-0.05686572,0.998353,1538362366073,
8.49724E-4,-0.005501591,0.056865703,-0.998353,1538362366097,
-8.4973685E-4,0.005501598,-0.056865696,0.998353,1538362366139,
8.4974116E-4,-0.005501603,0.056865692,-0.998353,1538362366140,
-8.497325E-4,0.0055015828,-0.056865674,0.998353,1538362366177,
8.497208E-4,-0.005501541,0.056865633,-0.998353,1538362366178,
-8.497137E-4,0.005501524,-0.056865625,0.998353,1538362366211,
8.4971695E-4,-0.0055015273,0.056865625,-0.998353,1538362366222,
-8.4975304E-4,0.0055015665,-0.05686565,0.998353,1538362366256,
8.4975973E-4,-0.0055015916,0.05686565,-0.998353,1538362366273,
-8.497445E-4,0.0055016363,-0.05686564,0.998353,1538362366289,
8.4973E-4,-0.0055016414,0.056865647,-0.998353,1538362366298,
-8.496976E-4,0.005501627,-0.05686567,0.998353,1538362366324,
8.4968115E-4,-0.005501608,0.05686567,-0.998353,1538362366360,
-8.4967696E-4,0.005501607,-0.056865674,0.998353,1538362366360,
8.49677E-4,-0.0055016032,0.056865674,-0.998353,1538362366398,
-8.497096E-4,0.0055016386,-0.056865674,0.998353,1538362366398,
8.4970496E-4,-0.005501706,0.056865674,-0.998353,1538362366431,
8.4970496E-4,-0.005501706,0.056865674,-0.998353,1538362366449,
-8.496973E-4,0.0055017183,-0.05686568,0.998353,1538362366449,
8.4969844E-4,-0.005501689,0.05686569,-0.998353,1538362366477,
8.4969844E-4,-0.005501689,0.05686569,-0.998353,1538362366478,
-8.4969006E-4,0.0055016587,-0.05686569,0.998353,1538362366478,
8.4969046E-4,-0.0055016456,0.05686569,-0.998353,1538362366523,
-8.4968953E-4,0.005501657,-0.056865692,0.998353,1538362366530,
8.497004E-4,-0.0055016563,0.056865692,-0.998353,1538362366556,
-8.497113E-4,0.005501656,-0.056865692,0.998353,1538362366557,
8.497265E-4,-0.005501672,0.056865685,-0.998353,1538362366590,
-8.497262E-4,0.0055016745,-0.056865685,0.998353,1538362366611,
8.4971276E-4,-0.0055016656,0.056865685,-0.998353,1538362366639,
-8.497063E-4,0.0055016503,-0.056865685,0.998353,1538362366657,
8.497021E-4,-0.0055016493,0.05686569,-0.998353,1538362366659,
-8.4970135E-4,0.005501655,-0.056865674,0.998353,1538362366689,
8.497094E-4,-0.005501685,0.05686565,-0.998353,1538362366714,
-8.497428E-4,0.0055017215,-0.056865662,0.998353,1538362366725,
8.497426E-4,-0.005501721,0.056865666,-0.998353,1538362366766,
-8.4974244E-4,0.0055017206,-0.05686567,0.998353,1538362366766,
8.4972597E-4,-0.0055017015,0.05686567,-0.998353,1538362366806,
-8.4971107E-4,0.005501692,-0.056865662,0.998353,1538362366807,
8.497143E-4,-0.0055016954,0.056865662,-0.998353,1538362366865,
-8.4971235E-4,0.0055017206,-0.05686565,0.998353,1538362366867,
8.497017E-4,-0.0055017453,0.05686565,-0.998353,1538362366868,
8.497017E-4,-0.0055017453,0.05686565,-0.998353,1538362366897,
-8.497126E-4,0.005501745,-0.05686565,0.998353,1538362366897,
8.497418E-4,-0.0055017658,0.056865662,-0.998353,1538362366906,
-8.4973633E-4,0.0055017592,-0.056865655,0.998353,1538362366939,
8.4972923E-4,-0.0055017425,0.056865647,-0.998353,1538362366959,
-8.4972463E-4,0.0055017415,-0.056865644,0.998353,1538362366980,
8.4972003E-4,-0.0055017406,0.05686564,-0.998353,1538362366990,
8.4972003E-4,-0.0055017406,0.05686564,-0.998353,1538362367023,
-8.497376E-4,0.00550177,-0.05686564,0.998353,1538362367023,
8.4979634E-4,-0.0055018347,0.05686564,-0.998353,1538362367028,
-8.4981375E-4,0.0055018533,-0.05686566,0.998353,1538362367054,
8.498287E-4,-0.005501869,0.056865666,-0.998353,1538362367065,
-8.4982876E-4,0.0055018654,-0.056865666,0.998353,1538362367094,
-8.4982876E-4,0.0055018654,-0.056865666,0.998353,1538362367139,
8.498291E-4,-0.0055018505,0.05686566,-0.998353,1538362367139,
-8.498223E-4,0.005501834,-0.056865666,0.998353,1538362367139,
8.498294E-4,-0.0055018202,0.056865666,-0.998353,1538362367145,
-8.498217E-4,0.0055018323,-0.056865674,0.998353,1538362367177,
8.4982876E-4,-0.005501859,0.056865662,-0.998353,1538362367191,
-8.4986136E-4,0.0055018943,-0.056865662,0.998353,1538362367228,
8.498639E-4,-0.005501894,0.056865662,-0.998353,1538362367234,
8.498639E-4,-0.005501894,0.056865662,-0.998353,1538362367265,
-8.498672E-4,0.005501897,-0.056865662,0.998353,1538362367265,
8.4986724E-4,-0.0055018924,0.056865666,-0.998353,1538362367273,
-8.498607E-4,0.005501891,-0.056865677,0.998353,1538362367306,
8.498563E-4,-0.0055018854,0.056865677,-0.998353,1538362367322,
-8.4985624E-4,0.0055018854,-0.056865677,0.998353,1538362367349,
8.4986875E-4,-0.005501892,0.056865685,-0.998353,1538362367349,
-8.49872E-4,0.005501895,-0.056865685,0.998353,1538362367395,
8.498725E-4,-0.005501881,0.056865692,-0.998353,1538362367396,
-8.4986805E-4,0.005501875,-0.056865692,0.998353,1538362367429,
8.498546E-4,-0.0055018663,0.056865692,-0.998353,1538362367429,
8.498546E-4,-0.0055018663,0.056865692,-0.998353,1538362367478,
-8.4986514E-4,0.0055018375,-0.056865692,0.998353,1538362367479,
8.4986945E-4,-0.005501833,0.056865692,-0.998353,1538362367506,
-8.498744E-4,0.0055018445,-0.056865692,0.998353,1538362367506,
8.498885E-4,-0.00550186,0.056865692,-0.998353,1538362367523,
-8.4991386E-4,0.0055018687,-0.056865692,0.998353,1538362367545,
8.499052E-4,-0.0055018486,0.056865674,-0.998353,1538362367563,
-8.498914E-4,0.005501847,-0.056865666,0.998353,1538362367578,
8.498742E-4,-0.0055018608,0.056865666,-0.998353,1538362367609,
-8.4984425E-4,0.0055018673,-0.056865655,0.998353,1538362367613,
8.498434E-4,-0.005501877,0.056865655,-0.998353,1538362367640,
-8.4985624E-4,0.005501884,-0.056865647,0.998353,1538362367647,
8.498691E-4,-0.005501891,0.05686564,-0.998353,1538362367679,
-8.4986904E-4,0.005501891,-0.05686564,0.998353,1538362367711,
8.4986887E-4,-0.0055018906,0.056865636,-0.998353,1538362367712,
-8.4985566E-4,0.0055018887,-0.056865644,0.998353,1538362367806,
8.4984186E-4,-0.005501887,0.056865636,-0.998353,1538362367807,
-8.498415E-4,0.005501886,-0.056865625,0.998353,1538362367808,
8.498411E-4,-0.005501889,0.05686562,-0.998353,1538362367808,
-8.498331E-4,0.0055019013,-0.056865614,0.998353,1538362367814,
-8.498331E-4,0.0055019013,-0.056865614,0.998353,1538362367845,
8.498383E-4,-0.0055018957,0.056865606,-0.998353,1538362367845,
-8.498419E-4,0.005501895,-0.05686561,0.998353,1538362367855,
8.4982975E-4,-0.005501894,0.05686561,-0.998353,1538362367883,
-8.498296E-4,0.0055018933,-0.056865606,0.998353,1538362367894,
8.4983284E-4,-0.0055018966,0.056865606,-0.998353,1538362367923,
-8.498318E-4,0.0055019083,-0.0568656,0.998353,1538362367957,
8.49847E-4,-0.0055019245,0.05686559,-0.998353,1538362367958,
-8.49854E-4,0.005501951,-0.05686558,0.998353,1538362367995,
8.498801E-4,-0.005501951,0.056865588,-0.998353,1538362368010,
8.498801E-4,-0.005501951,0.056865588,-0.998353,1538362368040,
-8.4988266E-4,0.0055019506,-0.056865588,0.998353,1538362368040,
8.4988854E-4,-0.00550195,0.0568656,-0.998353,1538362368048,
-8.499056E-4,0.0055019413,-0.056865614,0.998353,1538362368074,
8.499053E-4,-0.0055019436,0.056865614,-0.998353,1538362368074,
-8.4991223E-4,0.00550196,-0.056865595,0.998353,1538362368206,
8.499298E-4,-0.0055019893,0.056865595,-0.998353,1538362368206,
-8.4993785E-4,0.005502019,-0.056865614,0.998353,1538362368206,
8.499533E-4,-0.005502027,0.05686563,-0.998353,1538362368206,
-8.499538E-4,0.0055020126,-0.056865636,0.998353,1538362368209,
8.4993616E-4,-0.005501992,0.056865625,-0.998353,1538362368210,
-8.499275E-4,0.005501972,-0.056865606,0.998353,1538362368218,
8.499331E-4,-0.005501985,0.0568656,-0.998353,1538362368256,
-8.499426E-4,0.0055020563,-0.056865584,0.998353,1538362368314,
8.499466E-4,-0.0055020605,0.056865588,-0.998353,1538362368316,
-8.499502E-4,0.00550206,-0.05686559,0.998353,1538362368316,
-8.499502E-4,0.00550206,-0.05686559,0.998353,1538362368323,
8.4994937E-4,-0.005502059,0.056865595,-0.998353,1538362368323,
8.4994937E-4,-0.005502059,0.056865595,-0.998353,1538362368364,
-8.499434E-4,0.0055020573,-0.0568656,0.998353,1538362368365,
8.499476E-4,-0.0055020503,0.056865603,-0.998353,1538362368365,
-8.499521E-4,0.005502049,-0.05686559,0.998353,1538362368414,
8.4993767E-4,-0.0055020656,0.05686556,-0.998353,1538362368415,
-8.499405E-4,0.0055020684,-0.056865565,0.998353,1538362368424,
8.4994425E-4,-0.005502079,0.056865558,-0.998353,1538362368449,
-8.499351E-4,0.00550209,-0.056865565,0.998353,1538362368457,
8.499324E-4,-0.005502103,0.05686558,-0.998353,1538362368493,
8.499324E-4,-0.005502103,0.05686558,-0.998353,1538362368500,
-8.499265E-4,0.005502101,-0.056865577,0.998353,1538362368502,
